[{"id":1,"first_name":"Isidora","last_name":"Eddoes","email":"ieddoes0@independent.co.uk","gender":"Female"},
{"id":2,"first_name":"Chandra","last_name":"Ezzle","email":"cezzle1@rakuten.co.jp","gender":"Polygender"},
{"id":3,"first_name":"Sallyann","last_name":"Lucey","email":"slucey2@networkadvertising.org","gender":"Female"},
{"id":4,"first_name":"Marthe","last_name":"Collingridge","email":"mcollingridge3@spiegel.de","gender":"Female"},
{"id":5,"first_name":"Karena","last_name":"O'Clery","email":"koclery4@ca.gov","gender":"Female"},
{"id":6,"first_name":"Margarita","last_name":"Summerill","email":"msummerill5@google.com.au","gender":"Female"},
{"id":7,"first_name":"Matthias","last_name":"Duffus","email":"mduffus6@ox.ac.uk","gender":"Male"},
{"id":8,"first_name":"Bobbie","last_name":"Hamly","email":"bhamly7@omniture.com","gender":"Female"},
{"id":9,"first_name":"Murielle","last_name":"Debill","email":"mdebill8@nymag.com","gender":"Female"},
{"id":10,"first_name":"Knox","last_name":"Lorenzo","email":"klorenzo9@nature.com","gender":"Male"},
{"id":11,"first_name":"Corbie","last_name":"Ostick","email":"costicka@people.com.cn","gender":"Male"},
{"id":12,"first_name":"Gareth","last_name":"Howood","email":"ghowoodb@umich.edu","gender":"Male"},
{"id":13,"first_name":"Pru","last_name":"Awton","email":"pawtonc@ox.ac.uk","gender":"Female"},
{"id":14,"first_name":"Codie","last_name":"Wagnerin","email":"cwagnerind@google.es","gender":"Non-binary"},
{"id":15,"first_name":"Ashlee","last_name":"Obee","email":"aobeee@cnet.com","gender":"Agender"},
{"id":16,"first_name":"Brocky","last_name":"Shere","email":"bsheref@ifeng.com","gender":"Male"},
{"id":17,"first_name":"Joe","last_name":"Robichon","email":"jrobichong@deviantart.com","gender":"Male"},
{"id":18,"first_name":"Izaak","last_name":"Osboldstone","email":"iosboldstoneh@infoseek.co.jp","gender":"Male"},
{"id":19,"first_name":"Martha","last_name":"Drowsfield","email":"mdrowsfieldi@blogspot.com","gender":"Agender"},
{"id":20,"first_name":"Sadye","last_name":"Benedick","email":"sbenedickj@tmall.com","gender":"Female"},
{"id":21,"first_name":"Shane","last_name":"Yanov","email":"syanovk@accuweather.com","gender":"Male"},
{"id":22,"first_name":"Pietrek","last_name":"Yesichev","email":"pyesichevl@goo.ne.jp","gender":"Male"},
{"id":23,"first_name":"Giustino","last_name":"Spurier","email":"gspurierm@patch.com","gender":"Male"},
{"id":24,"first_name":"Freda","last_name":"Borrington","email":"fborringtonn@infoseek.co.jp","gender":"Female"},
{"id":25,"first_name":"Freddy","last_name":"Bedham","email":"fbedhamo@youtu.be","gender":"Female"},
{"id":26,"first_name":"Antoine","last_name":"Spiller","email":"aspillerp@harvard.edu","gender":"Male"},
{"id":27,"first_name":"Ernest","last_name":"Oaks","email":"eoaksq@goo.ne.jp","gender":"Male"},
{"id":28,"first_name":"Konstantine","last_name":"Paragreen","email":"kparagreenr@techcrunch.com","gender":"Genderqueer"},
{"id":29,"first_name":"Micheil","last_name":"Newsham","email":"mnewshams@phoca.cz","gender":"Male"},
{"id":30,"first_name":"Ardene","last_name":"Stonestreet","email":"astonestreett@pcworld.com","gender":"Female"},
{"id":31,"first_name":"Hildegaard","last_name":"Furlow","email":"hfurlowu@msu.edu","gender":"Female"},
{"id":32,"first_name":"Verene","last_name":"Santi","email":"vsantiv@un.org","gender":"Agender"},
{"id":33,"first_name":"Gena","last_name":"Beaven","email":"gbeavenw@geocities.com","gender":"Female"},
{"id":34,"first_name":"Lemmy","last_name":"Jagiela","email":"ljagielax@slideshare.net","gender":"Male"},
{"id":35,"first_name":"Barbabra","last_name":"Rymmer","email":"brymmery@slate.com","gender":"Female"},
{"id":36,"first_name":"Shirleen","last_name":"Williment","email":"swillimentz@sciencedirect.com","gender":"Female"},
{"id":37,"first_name":"Darcy","last_name":"Ciobotaru","email":"dciobotaru10@hibu.com","gender":"Bigender"},
{"id":38,"first_name":"Huberto","last_name":"Trewin","email":"htrewin11@deviantart.com","gender":"Male"},
{"id":39,"first_name":"Garold","last_name":"Bools","email":"gbools12@alexa.com","gender":"Male"},
{"id":40,"first_name":"Jennie","last_name":"Choffin","email":"jchoffin13@webs.com","gender":"Female"},
{"id":41,"first_name":"Glori","last_name":"Hendonson","email":"ghendonson14@phpbb.com","gender":"Female"},
{"id":42,"first_name":"Andras","last_name":"Bullerwell","email":"abullerwell15@opensource.org","gender":"Male"},
{"id":43,"first_name":"Maura","last_name":"Gallelli","email":"mgallelli16@opensource.org","gender":"Female"},
{"id":44,"first_name":"Dionysus","last_name":"Irwin","email":"dirwin17@delicious.com","gender":"Male"},
{"id":45,"first_name":"Karin","last_name":"Langstone","email":"klangstone18@bloomberg.com","gender":"Female"},
{"id":46,"first_name":"Celestyna","last_name":"Dragonette","email":"cdragonette19@mayoclinic.com","gender":"Female"},
{"id":47,"first_name":"Gauthier","last_name":"Dykes","email":"gdykes1a@bbb.org","gender":"Male"},
{"id":48,"first_name":"Monty","last_name":"Lutas","email":"mlutas1b@hostgator.com","gender":"Male"},
{"id":49,"first_name":"Eldridge","last_name":"Woolston","email":"ewoolston1c@unicef.org","gender":"Male"},
{"id":50,"first_name":"Sandi","last_name":"Egle of Germany","email":"segleofgermany1d@geocities.com","gender":"Female"},
{"id":51,"first_name":"Perla","last_name":"Levane","email":"plevane1e@cdbaby.com","gender":"Female"},
{"id":52,"first_name":"Nikos","last_name":"Paulsson","email":"npaulsson1f@tumblr.com","gender":"Male"},
{"id":53,"first_name":"Jilleen","last_name":"Dighton","email":"jdighton1g@hhs.gov","gender":"Female"},
{"id":54,"first_name":"Nathanial","last_name":"Pawelec","email":"npawelec1h@netscape.com","gender":"Male"},
{"id":55,"first_name":"Timothee","last_name":"Tombleson","email":"ttombleson1i@xing.com","gender":"Male"},
{"id":56,"first_name":"Minette","last_name":"Weeke","email":"mweeke1j@eepurl.com","gender":"Female"},
{"id":57,"first_name":"Emilie","last_name":"Rickersey","email":"erickersey1k@google.fr","gender":"Female"},
{"id":58,"first_name":"Ewell","last_name":"Mannix","email":"emannix1l@smugmug.com","gender":"Male"},
{"id":59,"first_name":"Mitzi","last_name":"Eckels","email":"meckels1m@youtube.com","gender":"Female"},
{"id":60,"first_name":"Kurtis","last_name":"Neward","email":"kneward1n@ocn.ne.jp","gender":"Male"},
{"id":61,"first_name":"Florencia","last_name":"Borles","email":"fborles1o@constantcontact.com","gender":"Female"},
{"id":62,"first_name":"Gothart","last_name":"Joynt","email":"gjoynt1p@tumblr.com","gender":"Male"},
{"id":63,"first_name":"Heidie","last_name":"Pollock","email":"hpollock1q@narod.ru","gender":"Bigender"},
{"id":64,"first_name":"Deonne","last_name":"Wiskar","email":"dwiskar1r@ustream.tv","gender":"Female"},
{"id":65,"first_name":"Kristan","last_name":"Metherell","email":"kmetherell1s@123-reg.co.uk","gender":"Female"},
{"id":66,"first_name":"Mikael","last_name":"Cleland","email":"mcleland1t@pcworld.com","gender":"Genderqueer"},
{"id":67,"first_name":"Rona","last_name":"Cargo","email":"rcargo1u@cdbaby.com","gender":"Female"},
{"id":68,"first_name":"Lulu","last_name":"Alejo","email":"lalejo1v@wp.com","gender":"Female"},
{"id":69,"first_name":"Adelaida","last_name":"Goncaves","email":"agoncaves1w@forbes.com","gender":"Female"},
{"id":70,"first_name":"Tessy","last_name":"Littler","email":"tlittler1x@prlog.org","gender":"Female"},
{"id":71,"first_name":"Ros","last_name":"Fender","email":"rfender1y@indiegogo.com","gender":"Female"},
{"id":72,"first_name":"Abbey","last_name":"Exton","email":"aexton1z@edublogs.org","gender":"Male"},
{"id":73,"first_name":"Janeva","last_name":"Blizard","email":"jblizard20@who.int","gender":"Female"},
{"id":74,"first_name":"Patricio","last_name":"Pledger","email":"ppledger21@ameblo.jp","gender":"Male"},
{"id":75,"first_name":"Sampson","last_name":"Farquar","email":"sfarquar22@salon.com","gender":"Male"},
{"id":76,"first_name":"Mar","last_name":"Brideau","email":"mbrideau23@oracle.com","gender":"Bigender"},
{"id":77,"first_name":"Ashlie","last_name":"Griffitts","email":"agriffitts24@home.pl","gender":"Female"},
{"id":78,"first_name":"Redford","last_name":"Gouth","email":"rgouth25@exblog.jp","gender":"Male"},
{"id":79,"first_name":"Odo","last_name":"Jarvis","email":"ojarvis26@hhs.gov","gender":"Male"},
{"id":80,"first_name":"Kyla","last_name":"Twallin","email":"ktwallin27@instagram.com","gender":"Female"},
{"id":81,"first_name":"Jamill","last_name":"Morch","email":"jmorch28@princeton.edu","gender":"Male"},
{"id":82,"first_name":"Lucine","last_name":"Dafter","email":"ldafter29@gmpg.org","gender":"Genderfluid"},
{"id":83,"first_name":"Sampson","last_name":"Davidove","email":"sdavidove2a@time.com","gender":"Male"},
{"id":84,"first_name":"Karla","last_name":"Lomb","email":"klomb2b@cbslocal.com","gender":"Female"},
{"id":85,"first_name":"Ameline","last_name":"Curr","email":"acurr2c@typepad.com","gender":"Female"},
{"id":86,"first_name":"Geraldine","last_name":"Freezer","email":"gfreezer2d@prweb.com","gender":"Female"},
{"id":87,"first_name":"Joni","last_name":"Lindman","email":"jlindman2e@lycos.com","gender":"Female"},
{"id":88,"first_name":"Wolfie","last_name":"Skelhorne","email":"wskelhorne2f@mayoclinic.com","gender":"Male"},
{"id":89,"first_name":"Derek","last_name":"Basile","email":"dbasile2g@edublogs.org","gender":"Male"},
{"id":90,"first_name":"Roma","last_name":"Rennebeck","email":"rrennebeck2h@samsung.com","gender":"Male"},
{"id":91,"first_name":"Tabby","last_name":"Broadbridge","email":"tbroadbridge2i@alexa.com","gender":"Male"},
{"id":92,"first_name":"Aurelia","last_name":"McKeever","email":"amckeever2j@foxnews.com","gender":"Bigender"},
{"id":93,"first_name":"Albert","last_name":"Broscombe","email":"abroscombe2k@adobe.com","gender":"Male"},
{"id":94,"first_name":"Granny","last_name":"Gillivrie","email":"ggillivrie2l@netlog.com","gender":"Male"},
{"id":95,"first_name":"Bernice","last_name":"Kohen","email":"bkohen2m@house.gov","gender":"Female"},
{"id":96,"first_name":"Amberly","last_name":"Poker","email":"apoker2n@cam.ac.uk","gender":"Female"},
{"id":97,"first_name":"Sarena","last_name":"Nuttall","email":"snuttall2o@paypal.com","gender":"Female"},
{"id":98,"first_name":"Maud","last_name":"Fairhead","email":"mfairhead2p@goodreads.com","gender":"Female"},
{"id":99,"first_name":"Shurlocke","last_name":"Summerlie","email":"ssummerlie2q@redcross.org","gender":"Male"},
{"id":100,"first_name":"Nanine","last_name":"Seed","email":"nseed2r@irs.gov","gender":"Female"}]